{"Game":"Stellaris","IsSelected":true,"MergedFolderName":null,"ModIds":[{"ParadoxId":null,"SteamId":1995601384},{"ParadoxId":null,"SteamId":2868680633},{"ParadoxId":null,"SteamId":701432146},{"ParadoxId":null,"SteamId":2815767345},{"ParadoxId":null,"SteamId":2459691766},{"ParadoxId":null,"SteamId":682090850},{"ParadoxId":null,"SteamId":865040033},{"ParadoxId":null,"SteamId":1878473679},{"ParadoxId":null,"SteamId":695288963},{"ParadoxId":null,"SteamId":2094489751},{"ParadoxId":null,"SteamId":684454645},{"ParadoxId":null,"SteamId":2636112244},{"ParadoxId":null,"SteamId":2825897107},{"ParadoxId":null,"SteamId":682691478},{"ParadoxId":null,"SteamId":2117708790},{"ParadoxId":null,"SteamId":2907769573},{"ParadoxId":null,"SteamId":1928831043},{"ParadoxId":null,"SteamId":2774388842},{"ParadoxId":null,"SteamId":850721710},{"ParadoxId":null,"SteamId":681576508},{"ParadoxId":null,"SteamId":2605304587},{"ParadoxId":null,"SteamId":2895613344},{"ParadoxId":null,"SteamId":2895612837},{"ParadoxId":null,"SteamId":2791790642},{"ParadoxId":null,"SteamId":2788839315},{"ParadoxId":null,"SteamId":2790784609},{"ParadoxId":null,"SteamId":2802188203},{"ParadoxId":null,"SteamId":2801950004},{"ParadoxId":null,"SteamId":2130835957},{"ParadoxId":null,"SteamId":2784050534},{"ParadoxId":null,"SteamId":2810447305},{"ParadoxId":null,"SteamId":2499031295},{"ParadoxId":null,"SteamId":2784215835},{"ParadoxId":null,"SteamId":2498166286},{"ParadoxId":null,"SteamId":2028670202},{"ParadoxId":null,"SteamId":1998204784},{"ParadoxId":null,"SteamId":2360265002},{"ParadoxId":null,"SteamId":1249001485},{"ParadoxId":null,"SteamId":2093276523},{"ParadoxId":null,"SteamId":727000451},{"ParadoxId":null,"SteamId":1993869579},{"ParadoxId":null,"SteamId":1999328266},{"ParadoxId":null,"SteamId":2627609414},{"ParadoxId":null,"SteamId":2389589691},{"ParadoxId":null,"SteamId":1227620643},{"ParadoxId":null,"SteamId":2807778592},{"ParadoxId":null,"SteamId":1320989536},{"ParadoxId":null,"SteamId":1346877266},{"ParadoxId":null,"SteamId":1812858232},{"ParadoxId":null,"SteamId":1575843310},{"ParadoxId":null,"SteamId":2027051983},{"ParadoxId":null,"SteamId":1641807098},{"ParadoxId":null,"SteamId":1867143071},{"ParadoxId":null,"SteamId":2529105358},{"ParadoxId":null,"SteamId":2811907627},{"ParadoxId":null,"SteamId":2874035296},{"ParadoxId":null,"SteamId":2875666570},{"ParadoxId":null,"SteamId":2870129712},{"ParadoxId":null,"SteamId":2947529576},{"ParadoxId":null,"SteamId":2659540277},{"ParadoxId":null,"SteamId":2829548681},{"ParadoxId":null,"SteamId":2553818684},{"ParadoxId":null,"SteamId":2601239912},{"ParadoxId":null,"SteamId":2553812372},{"ParadoxId":null,"SteamId":2559702143},{"ParadoxId":null,"SteamId":2465034791},{"ParadoxId":null,"SteamId":2977885783},{"ParadoxId":null,"SteamId":1728214912},{"ParadoxId":null,"SteamId":2597129991},{"ParadoxId":null,"SteamId":2773995755},{"ParadoxId":null,"SteamId":2780180614},{"ParadoxId":null,"SteamId":2641081470},{"ParadoxId":null,"SteamId":2686810902},{"ParadoxId":null,"SteamId":2488154830},{"ParadoxId":null,"SteamId":2496357447},{"ParadoxId":null,"SteamId":2775465389},{"ParadoxId":null,"SteamId":2491283817},{"ParadoxId":null,"SteamId":2461999384},{"ParadoxId":null,"SteamId":2441507863},{"ParadoxId":null,"SteamId":1158406403},{"ParadoxId":null,"SteamId":2752952962},{"ParadoxId":null,"SteamId":2974533260},{"ParadoxId":null,"SteamId":2975892704},{"ParadoxId":null,"SteamId":2508704523},{"ParadoxId":null,"SteamId":2028826064},{"ParadoxId":null,"SteamId":2790961377},{"ParadoxId":null,"SteamId":2809999281},{"ParadoxId":null,"SteamId":1961367151},{"ParadoxId":null,"SteamId":2123646681},{"ParadoxId":null,"SteamId":1286356239},{"ParadoxId":null,"SteamId":2786268200},{"ParadoxId":null,"SteamId":2183551683},{"ParadoxId":null,"SteamId":2114559224},{"ParadoxId":null,"SteamId":2962066593},{"ParadoxId":null,"SteamId":2978121297},{"ParadoxId":null,"SteamId":683230077},{"ParadoxId":null,"SteamId":2932808239},{"ParadoxId":null,"SteamId":1121692237},{"ParadoxId":null,"SteamId":2768297949},{"ParadoxId":null,"SteamId":2648658105},{"ParadoxId":null,"SteamId":2663957444},{"ParadoxId":null,"SteamId":2653789292},{"ParadoxId":null,"SteamId":2653699311},{"ParadoxId":null,"SteamId":2877122349},{"ParadoxId":null,"SteamId":2017870391},{"ParadoxId":null,"SteamId":2002751329},{"ParadoxId":null,"SteamId":2946963716},{"ParadoxId":null,"SteamId":1793768254},{"ParadoxId":null,"SteamId":2958421797},{"ParadoxId":null,"SteamId":937289339},{"ParadoxId":null,"SteamId":910751973},{"ParadoxId":null,"SteamId":1747995732},{"ParadoxId":null,"SteamId":2024528246},{"ParadoxId":null,"SteamId":2807539630},{"ParadoxId":null,"SteamId":2807931990},{"ParadoxId":null,"SteamId":1623423360},{"ParadoxId":null,"SteamId":819148835},{"ParadoxId":null,"SteamId":1740165239},{"ParadoxId":null,"SteamId":1732447147},{"ParadoxId":null,"SteamId":1732437279},{"ParadoxId":null,"SteamId":2284514368},{"ParadoxId":null,"SteamId":1960179456},{"ParadoxId":null,"SteamId":2171564735},{"ParadoxId":null,"SteamId":1807850864},{"ParadoxId":null,"SteamId":1878751971},{"ParadoxId":null,"SteamId":2391277656},{"ParadoxId":null,"SteamId":2436408502},{"ParadoxId":null,"SteamId":946222466},{"ParadoxId":null,"SteamId":2976573664},{"ParadoxId":null,"SteamId":1693982756},{"ParadoxId":null,"SteamId":2786371128},{"ParadoxId":null,"SteamId":2787727603},{"ParadoxId":null,"SteamId":2438313459},{"ParadoxId":null,"SteamId":2775160404},{"ParadoxId":null,"SteamId":2717193796},{"ParadoxId":null,"SteamId":2720527026},{"ParadoxId":null,"SteamId":2865524513},{"ParadoxId":null,"SteamId":2976460923},{"ParadoxId":null,"SteamId":1960052542},{"ParadoxId":null,"SteamId":2806903835},{"ParadoxId":null,"SteamId":1647628520},{"ParadoxId":null,"SteamId":2978036170},{"ParadoxId":null,"SteamId":2774084358},{"ParadoxId":null,"SteamId":2932819177},{"ParadoxId":null,"SteamId":2920668465},{"ParadoxId":null,"SteamId":2510669821},{"ParadoxId":null,"SteamId":1142142725},{"ParadoxId":null,"SteamId":2970028242},{"ParadoxId":null,"SteamId":2279788920},{"ParadoxId":null,"SteamId":2564348666},{"ParadoxId":null,"SteamId":2182539260},{"ParadoxId":null,"SteamId":2496357128},{"ParadoxId":null,"SteamId":2628518102},{"ParadoxId":null,"SteamId":2058439694},{"ParadoxId":null,"SteamId":1144654097},{"ParadoxId":null,"SteamId":2631770083},{"ParadoxId":null,"SteamId":2796246549},{"ParadoxId":null,"SteamId":2181441455},{"ParadoxId":null,"SteamId":2807407051},{"ParadoxId":null,"SteamId":2670674796},{"ParadoxId":null,"SteamId":2074243614},{"ParadoxId":null,"SteamId":2467105449},{"ParadoxId":null,"SteamId":1224591456},{"ParadoxId":null,"SteamId":2949462120},{"ParadoxId":null,"SteamId":683121431},{"ParadoxId":null,"SteamId":2491573516},{"ParadoxId":null,"SteamId":2558262194},{"ParadoxId":null,"SteamId":2577705378},{"ParadoxId":null,"SteamId":2268189539},{"ParadoxId":null,"SteamId":1506078758},{"ParadoxId":null,"SteamId":2098865432},{"ParadoxId":null,"SteamId":2816453449},{"ParadoxId":null,"SteamId":703156866},{"ParadoxId":null,"SteamId":2116146652},{"ParadoxId":null,"SteamId":1468136930},{"ParadoxId":null,"SteamId":2941027181},{"ParadoxId":null,"SteamId":2646555108},{"ParadoxId":null,"SteamId":2927065190},{"ParadoxId":null,"SteamId":2934317190},{"ParadoxId":null,"SteamId":2954428425},{"ParadoxId":null,"SteamId":1223822935},{"ParadoxId":null,"SteamId":1355094979},{"ParadoxId":null,"SteamId":2112961959},{"ParadoxId":null,"SteamId":2178422929},{"ParadoxId":null,"SteamId":1319264195},{"ParadoxId":null,"SteamId":2476151166},{"ParadoxId":null,"SteamId":2493028212},{"ParadoxId":null,"SteamId":2574175110},{"ParadoxId":null,"SteamId":2732567565},{"ParadoxId":null,"SteamId":2774987343},{"ParadoxId":null,"SteamId":2802824108},{"ParadoxId":null,"SteamId":1590362799},{"ParadoxId":null,"SteamId":2512152163},{"ParadoxId":null,"SteamId":2177145527},{"ParadoxId":null,"SteamId":1765986160},{"ParadoxId":null,"SteamId":2662477629},{"ParadoxId":null,"SteamId":1613880809},{"ParadoxId":null,"SteamId":2452302093},{"ParadoxId":null,"SteamId":2621564981},{"ParadoxId":null,"SteamId":2976235256},{"ParadoxId":null,"SteamId":2980333846},{"ParadoxId":null,"SteamId":2956750257},{"ParadoxId":null,"SteamId":1890399946},{"ParadoxId":null,"SteamId":2066393985},{"ParadoxId":null,"SteamId":1623423504},{"ParadoxId":null,"SteamId":2782493786},{"ParadoxId":null,"SteamId":2158207688},{"ParadoxId":null,"SteamId":2833083542},{"ParadoxId":null,"SteamId":2763797600},{"ParadoxId":null,"SteamId":954173598},{"ParadoxId":null,"SteamId":2485038466},{"ParadoxId":null,"SteamId":2458928927},{"ParadoxId":null,"SteamId":2476160049},{"ParadoxId":null,"SteamId":2968616122},{"ParadoxId":null,"SteamId":2463806387},{"ParadoxId":null,"SteamId":2790404258},{"ParadoxId":null,"SteamId":2662722782},{"ParadoxId":null,"SteamId":2652334740},{"ParadoxId":null,"SteamId":2652332091},{"ParadoxId":null,"SteamId":2652330385},{"ParadoxId":null,"SteamId":1880893750},{"ParadoxId":null,"SteamId":2978032655},{"ParadoxId":null,"SteamId":1630649870},{"ParadoxId":null,"SteamId":2464420842},{"ParadoxId":null,"SteamId":2409209888},{"ParadoxId":null,"SteamId":2411818376},{"ParadoxId":null,"SteamId":2458024521},{"ParadoxId":null,"SteamId":1199002146},{"ParadoxId":null,"SteamId":2821711162},{"ParadoxId":null,"SteamId":2877750087},{"ParadoxId":null,"SteamId":2466607238},{"ParadoxId":null,"SteamId":2475302050},{"ParadoxId":null,"SteamId":2641256974},{"ParadoxId":null,"SteamId":2807759164},{"ParadoxId":null,"SteamId":1688887083},{"ParadoxId":null,"SteamId":2897477187},{"ParadoxId":null,"SteamId":1595876588}],"ModNames":["~~Ariphaos Unofficial Patch (3.8)","~~Scripted Trigger Undercoat","More AI Personalities","Smarter Hyper Relays: Improved AI (shrimpAI)","Trait Upgrader and Better AI Trait Modding for 3.x","Expanded Colours [180 Colours]","Guilli's Planet Modifiers and Features","Amazing Space Battles","SpaceAmbient Music - Vol. I","SpaceAmbient Music - Vol. II","Music Pack","DUNE OST Music","Just Name Lists (3.4)","Cybrxkhan's Assortment of Namelists for Stellaris","Random Species Names - Updated","Just Star Names (Continued)","Trait Diversity","Xenology : Traits Expansion Unofficial - Biological Module (3.8.X)","(-United Traits-)","Additional Traits","Trait Diversity - Species Privileges","Extended Lithoids","Extended Toxoids","Extended Humanoids","Extended Aquatics","Extended Plantoids","Extended Necroids","Extended Machines","Species Diversity","Xenology : Traits Expansion Unofficial - Annex Module (3.8.X)","Xenology : Traits Expansion Unofficial - Truncate Module (3.8.X)","Leader Traits: All Eligible Species Traits","Leader Traits: Clone Army - All Leader Classes","Leader Traits: Scientist AI Assistant Upgrader","Extra Origins (3.8)","Even More Origins","Ancient Juggernaut Origin","Distant Origin","Origin - The Great Mistake","More Events Mod","Archaeology Story Pack","Precursor Story Pack","Fatal Foundations Story Pack [3.8]","Ancient Empire 1.8","Dynamic Political Events","Extra Events 3.8 Continued","Leviathan Events Xtended - Legacy","APSR: Anomalies, Planetary and Space Resources","Extra Fallen Empires","Supernovae - Cosmic Fury","Basic Ordinary Origins","Expanded Events","Planetary Curios","Endless Frontier: An Event Mod","Flags, Emblems and Backgrounds Merged","Emblems for Random Empires, Volume 1","Emblems for Random Empires, Volume 2","Linear Emblems by Pinktails","MSI Origin, Portrait, Room and Ships","No Ugly Room Window Bars","Zellith's Habitat Demolition","Retain Leaders from Integrated Subjects & Pre-FTL Civilizations","Psionic Ascension: Even in Other Empires","Deassimilate Machines","Deassimlated Machine Worlds","Espionage Operation: Influence Ethics","Invasion! (3.8)","Abandon Colony","Colony Designation: Ecumenopolis Commercial","Colony Designations: Capitol Building Job Swaps","Cross Border Trade","Enhanced Trade Districts and Designations","Penal Colony: Enhanced","Pre-FTL Conquest & Infiltration: Enhanced","Special Leadership Privileges for Battle Thralls & Bio-Trophies","Game Start: Unity Fund","Useful Heirs","Psionic Species Expansion","Machine & Robot Expansion","Machine Leader Repairer","Realistic Pirates [3.8.☠]","AA's Divided Loyalties (3.8)","Homeworld Ethics (3.8)","The Great Khan Expanded [3.8.☠]","A Deadly Tempest [3.8.☠]","Spaceborne Civs Expanded","Branch Office Expansion Planner","Void Dwellers Expanded 3+","Merged Leader Levels","Planet Raider","Under Siege","Vassals Expanded and Reworked - FunEFork","Viable Feudalism and Imperialism - Empire Federation","Specialist Subject: Mercatorum","领袖负面特质清除","(-NSC2 Season 8-)","Gray Tempest Shipset","Gigastructural Engineering & More (3.8)","Building: Aquaponics Farms","Extra Ship Components NEXT","ESC NEXT: Overwrites: Special Weapon Types Patch","ESC NEXT: Overwrites: Component Progression","ESC NEXT: Overwrites: Global Ship Designs","Orbital Ring Buildings Updated","Planetary Assault Army & Ship","Sensor Expansion","AA's Consortiums (3.7)","Guilli's Technologies","The Zenith of Fallen Empires 4.0","Real Space 3.8","Hypothetical Stars","Tier Numbers: Buildings","Tier Numbers: Tech","Tiny Starbase Modules and Buildings","Tiny Planetary Construction Panel","UI Overhaul Dynamic","Planetary Diversity","Planetary Diversity - Unique Worlds","Planetary Diversity - More Arcologies","Planetary Diversity - Exotic Worlds","Planetary Diversity - Gaia Worlds","Planetary Diversity - Shroud Worlds","Planetary Diversity - Space Habitats","Planetary Diversity - Reworked Habitability","Planetary Diversity - Planetary Habitats","Planetary Diversity - Ringworlds","Simple Traditions","Expanded Stellaris Traditions","Expanded Stellaris Ascension Perks 3.8","Unique Ascension Perks","Ascension Perks Broadened 3.8","Worthy Ascension Perks for 3.8.*","Tidy Tradition 3.8","Tidy Traditions: Superior English Localisation","[3.8] Empires Expanded","[3.8] Empires Expanded: Balance Submod","Uncivic: New Mechanics for Vanilla Civics","Narco State: New Criminal Civic (3.8.2)","Amazing Civics - Megacorp","Government Variety Pack","More Civics","Civic Engagement","Civic: Philosopher King - Enhanced","Civic: Byzantine Bureaucracy - Enhanced","Civic: Organic Zealots","\"Agrarian\" Idyll for Lithoids","No Default Paradox Species - Ironman / Achievement Compatible (Any Version / Any DLC Combinations)","Archaeology Sites WTF","Better Sliders - Mid/End/Victory Game Years and Tech/Tradition cost","Counter-Limited Armies Fix","No Preset Countries from Mods","Planetary Modifier Enhancements","Ringworld Graphical Enhancements","Ringworld lights fix","Real Machine Worlds","The Stellaris Name Overhaul","Names for Primitive Planets","Species Name to Nation Demonym","Tradable Relics","Higher Influence Cap","Longer Greetings Timer","Cinematic Loading Screens","Trace Loading Screens","Say No to Nuclear Suicide","Remove Aura Graphics","Crisis Manager - Mid-Game Edition (3.8.¢)","Crisis Manager - End-Game Edition (3.8.¢)","Crisis Manager - Sleeper Edition (3.8.¢)","Aggressive Crisis Engine","Quadrant Fixed","Light Borders + Swapped Colors + Star Pins","Better Faction Info","Cinematic Camera","Young Heirs","ASB Addon: Shorter Trails","Fewer Habitable Planets - 3.x","Curators can sell minor artifacts","Unlocked War Doctrines","Megastructure Remover 1.4.1","Megastructure Remover 1.4 Sub-Mod","More Insults","[3.8] Claims Decay - Dynamic Diplomacy","MVG War Exhaustion - Updated + Tweaked","Smarter Popups","[3.8] Loyal Subjects Have Nothing to Fear (From the Colossus)","Robot Rights","End Truce & Close Borders","Expanded Espionage and Diplomacy","No More Exclaves","Galactic Imperial Tax","Guilli's Exploration And Expansion Tweaks","Dynamic Difficulty - Ultimate Customization","Agreements Boost Diplomatic Weight","Intervene: Help Friendly Nations - FunEFork","Bypass Adjustments","Aquatic Empire Colours","Dynamic Difficulty : More Modifiers","We Require Borders","No Ethics Spawn Bias","Improved Leaders View","3 Civic Points + More Trait Points/Picks","UI Overhaul Dynamic - More Tradition Categories (24)","UI Overhaul Dynamic - Ascension Slots","UI Overhaul Dynamic + Expanded Colours","UI Overhaul Dynamic + Planetary Diversity","Planetary Diversity - Reworked Terraforming","Guillified Precursor  Story Pack (Compat Patch)","星之彩~NSC2兼容补丁","MEM & Gigas Perk Patch","MEM Real Space Planetary Shields","Ancient Empire / Gigastructural Engineering Patch","Ancient Empire - UI Overhaul Dynamic Patch","Ancient Empire - English Localization Overwrite","Specialist Subject: Mercatorum - Expanded and Reworked","Psionic Species Expansion - UI Overhaul Dynamic Patch","Extended Aquatics Compatibility Patch","Portrait Trigger Pack - Core","Portrait Trigger Pack - Planetary Diversity","Portrait Trigger Pack - Machine & Robot Expansion","Portrait Trigger Pack - Dynamic Political Events","UI Overhaul Dynamic - Checksum Schism Version","UI Overhaul Dynamic + Improved Leaders View","36 Building Slots","Psionic Species Expansion - Gigastructural Engineering","! Immersive Beautiful Stellaris !","! Dark Blue UI Remake","Dynamic Mod Menu [3.8.*]","! Reworked Advanced Ascension","! Sartek Tradition - Ascension Perk Merger","! Sartek District and Economy Merger Add-on","! Casako's Framework & Modmenu","! Better Performance & Utilities","! Dark Blue UI Universial Patch","! The Merger of Rules 3.8","!!Universal Modifier Patch (3.8.*)","!!! Worthy Ascension Perks Patch","!!!Universal Resource Patch [2.4+]"],"ModPaths":null,"Mods":["mod/ugc_1995601384.mod","mod/ugc_2868680633.mod","mod/ugc_701432146.mod","mod/ugc_2815767345.mod","mod/ugc_2459691766.mod","mod/ugc_682090850.mod","mod/ugc_865040033.mod","mod/ugc_1878473679.mod","mod/ugc_695288963.mod","mod/ugc_2094489751.mod","mod/ugc_684454645.mod","mod/ugc_2636112244.mod","mod/ugc_2825897107.mod","mod/ugc_682691478.mod","mod/ugc_2117708790.mod","mod/ugc_2907769573.mod","mod/ugc_1928831043.mod","mod/ugc_2774388842.mod","mod/ugc_850721710.mod","mod/ugc_681576508.mod","mod/ugc_2605304587.mod","mod/ugc_2895613344.mod","mod/ugc_2895612837.mod","mod/ugc_2791790642.mod","mod/ugc_2788839315.mod","mod/ugc_2790784609.mod","mod/ugc_2802188203.mod","mod/ugc_2801950004.mod","mod/ugc_2130835957.mod","mod/ugc_2784050534.mod","mod/ugc_2810447305.mod","mod/ugc_2499031295.mod","mod/ugc_2784215835.mod","mod/ugc_2498166286.mod","mod/ugc_2028670202.mod","mod/ugc_1998204784.mod","mod/ugc_2360265002.mod","mod/ugc_1249001485.mod","mod/ugc_2093276523.mod","mod/ugc_727000451.mod","mod/ugc_1993869579.mod","mod/ugc_1999328266.mod","mod/ugc_2627609414.mod","mod/ugc_2389589691.mod","mod/ugc_1227620643.mod","mod/ugc_2807778592.mod","mod/ugc_1320989536.mod","mod/ugc_1346877266.mod","mod/ugc_1812858232.mod","mod/ugc_1575843310.mod","mod/ugc_2027051983.mod","mod/ugc_1641807098.mod","mod/ugc_1867143071.mod","mod/ugc_2529105358.mod","mod/ugc_2811907627.mod","mod/ugc_2874035296.mod","mod/ugc_2875666570.mod","mod/ugc_2870129712.mod","mod/ugc_2947529576.mod","mod/ugc_2659540277.mod","mod/ugc_2829548681.mod","mod/ugc_2553818684.mod","mod/ugc_2601239912.mod","mod/ugc_2553812372.mod","mod/ugc_2559702143.mod","mod/ugc_2465034791.mod","mod/ugc_2977885783.mod","mod/ugc_1728214912.mod","mod/ugc_2597129991.mod","mod/ugc_2773995755.mod","mod/ugc_2780180614.mod","mod/ugc_2641081470.mod","mod/ugc_2686810902.mod","mod/ugc_2488154830.mod","mod/ugc_2496357447.mod","mod/ugc_2775465389.mod","mod/ugc_2491283817.mod","mod/ugc_2461999384.mod","mod/ugc_2441507863.mod","mod/ugc_1158406403.mod","mod/ugc_2752952962.mod","mod/ugc_2974533260.mod","mod/ugc_2975892704.mod","mod/ugc_2508704523.mod","mod/ugc_2028826064.mod","mod/ugc_2790961377.mod","mod/ugc_2809999281.mod","mod/ugc_1961367151.mod","mod/ugc_2123646681.mod","mod/ugc_1286356239.mod","mod/ugc_2786268200.mod","mod/ugc_2183551683.mod","mod/ugc_2114559224.mod","mod/ugc_2962066593.mod","mod/ugc_2978121297.mod","mod/ugc_683230077.mod","mod/ugc_2932808239.mod","mod/ugc_1121692237.mod","mod/ugc_2768297949.mod","mod/ugc_2648658105.mod","mod/ugc_2663957444.mod","mod/ugc_2653789292.mod","mod/ugc_2653699311.mod","mod/ugc_2877122349.mod","mod/ugc_2017870391.mod","mod/ugc_2002751329.mod","mod/ugc_2946963716.mod","mod/ugc_1793768254.mod","mod/ugc_2958421797.mod","mod/ugc_937289339.mod","mod/ugc_910751973.mod","mod/ugc_1747995732.mod","mod/ugc_2024528246.mod","mod/ugc_2807539630.mod","mod/ugc_2807931990.mod","mod/ugc_1623423360.mod","mod/ugc_819148835.mod","mod/ugc_1740165239.mod","mod/ugc_1732447147.mod","mod/ugc_1732437279.mod","mod/ugc_2284514368.mod","mod/ugc_1960179456.mod","mod/ugc_2171564735.mod","mod/ugc_1807850864.mod","mod/ugc_1878751971.mod","mod/ugc_2391277656.mod","mod/ugc_2436408502.mod","mod/ugc_946222466.mod","mod/ugc_2976573664.mod","mod/ugc_1693982756.mod","mod/ugc_2786371128.mod","mod/ugc_2787727603.mod","mod/ugc_2438313459.mod","mod/ugc_2775160404.mod","mod/ugc_2717193796.mod","mod/ugc_2720527026.mod","mod/ugc_2865524513.mod","mod/ugc_2976460923.mod","mod/ugc_1960052542.mod","mod/ugc_2806903835.mod","mod/ugc_1647628520.mod","mod/ugc_2978036170.mod","mod/ugc_2774084358.mod","mod/ugc_2932819177.mod","mod/ugc_2920668465.mod","mod/ugc_2510669821.mod","mod/ugc_1142142725.mod","mod/ugc_2970028242.mod","mod/ugc_2279788920.mod","mod/ugc_2564348666.mod","mod/ugc_2182539260.mod","mod/ugc_2496357128.mod","mod/ugc_2628518102.mod","mod/ugc_2058439694.mod","mod/ugc_1144654097.mod","mod/ugc_2631770083.mod","mod/ugc_2796246549.mod","mod/ugc_2181441455.mod","mod/ugc_2807407051.mod","mod/ugc_2670674796.mod","mod/ugc_2074243614.mod","mod/ugc_2467105449.mod","mod/ugc_1224591456.mod","mod/ugc_2949462120.mod","mod/ugc_683121431.mod","mod/ugc_2491573516.mod","mod/ugc_2558262194.mod","mod/ugc_2577705378.mod","mod/ugc_2268189539.mod","mod/ugc_1506078758.mod","mod/ugc_2098865432.mod","mod/ugc_2816453449.mod","mod/ugc_703156866.mod","mod/ugc_2116146652.mod","mod/ugc_1468136930.mod","mod/ugc_2941027181.mod","mod/ugc_2646555108.mod","mod/ugc_2927065190.mod","mod/ugc_2934317190.mod","mod/ugc_2954428425.mod","mod/ugc_1223822935.mod","mod/ugc_1355094979.mod","mod/ugc_2112961959.mod","mod/ugc_2178422929.mod","mod/ugc_1319264195.mod","mod/ugc_2476151166.mod","mod/ugc_2493028212.mod","mod/ugc_2574175110.mod","mod/ugc_2732567565.mod","mod/ugc_2774987343.mod","mod/ugc_2802824108.mod","mod/ugc_1590362799.mod","mod/ugc_2512152163.mod","mod/ugc_2177145527.mod","mod/ugc_1765986160.mod","mod/ugc_2662477629.mod","mod/ugc_1613880809.mod","mod/ugc_2452302093.mod","mod/ugc_2621564981.mod","mod/ugc_2976235256.mod","mod/ugc_2980333846.mod","mod/ugc_2956750257.mod","mod/ugc_1890399946.mod","mod/ugc_2066393985.mod","mod/ugc_1623423504.mod","mod/ugc_2782493786.mod","mod/ugc_2158207688.mod","mod/ugc_2833083542.mod","mod/ugc_2763797600.mod","mod/ugc_954173598.mod","mod/ugc_2485038466.mod","mod/ugc_2458928927.mod","mod/ugc_2476160049.mod","mod/ugc_2968616122.mod","mod/ugc_2463806387.mod","mod/ugc_2790404258.mod","mod/ugc_2662722782.mod","mod/ugc_2652334740.mod","mod/ugc_2652332091.mod","mod/ugc_2652330385.mod","mod/ugc_1880893750.mod","mod/ugc_2978032655.mod","mod/ugc_1630649870.mod","mod/ugc_2464420842.mod","mod/ugc_2409209888.mod","mod/ugc_2411818376.mod","mod/ugc_2458024521.mod","mod/ugc_1199002146.mod","mod/ugc_2821711162.mod","mod/ugc_2877750087.mod","mod/ugc_2466607238.mod","mod/ugc_2475302050.mod","mod/ugc_2641256974.mod","mod/ugc_2807759164.mod","mod/ugc_1688887083.mod","mod/ugc_2897477187.mod","mod/ugc_1595876588.mod"],"Name":"SharpeGuy's Massive Modlist","PatchModEnabled":true}